{
  "fold": 1,
  "train_loss": 0.03985519333643897,
  "train_acc": 1.0,
  "val_loss": 0.2214740092324656,
  "val_acc": 0.9348837209302325,
  "ckpt": "artifacts\\cv\\cvtest_20250908_182400_5f\\fold_01\\best.pt"
}