fold,acc,loss,auc,aupr,thr,f1@thr
1,0.9666666666666667,0.09648131107290586,0.9968562055768179,0.9984497982413476,0.4203766584396362,0.9873417721518988
2,0.9722222222222222,0.10566273662779066,0.9917987971569163,0.9965579909435497,0.4106820821762085,0.9827586206896551
3,0.95,0.13273003097209665,0.9963094587206123,0.9981882181738886,0.2604567408561706,0.9827586206896551
4,0.9555555555555556,0.12474531912141376,0.9965828321487151,0.9982138391616839,0.1145075634121894,0.9831932773109243
5,0.9666666666666667,0.09378329465786615,0.9957627118644068,0.9979443453988368,0.5459311008453369,0.9783549783549783
