fold,train_loss,train_acc,val_loss,val_acc,ckpt
1,0.03985519333643897,1.0,0.2214740092324656,0.9348837209302325,artifacts\cv\cvtest_20250908_182400_5f\fold_01\best.pt
2,0.012188283772109135,1.0,0.09129898147007753,0.9674418604651163,artifacts\cv\cvtest_20250908_182400_5f\fold_02\best.pt
3,0.062116798546872125,0.980209545983702,0.1671189280789952,0.9209302325581395,artifacts\cv\cvtest_20250908_182400_5f\fold_03\best.pt
4,0.04815070220725708,1.0,0.19287817703430044,0.9627906976744186,artifacts\cv\cvtest_20250908_182400_5f\fold_04\best.pt
5,0.02311402901054122,1.0,0.21703243721276522,0.9205607476635514,artifacts\cv\cvtest_20250908_182400_5f\fold_05\best.pt
