{
  "fold": 5,
  "train_loss": 0.02311402901054122,
  "train_acc": 1.0,
  "val_loss": 0.21703243721276522,
  "val_acc": 0.9205607476635514,
  "ckpt": "artifacts\\cv\\cvtest_20250908_182400_5f\\fold_05\\best.pt"
}