{
  "fold": 4,
  "train_loss": 0.04815070220725708,
  "train_acc": 1.0,
  "val_loss": 0.19287817703430044,
  "val_acc": 0.9627906976744186,
  "ckpt": "artifacts\\cv\\cvtest_20250908_182400_5f\\fold_04\\best.pt"
}