{
  "fold": 3,
  "train_loss": 0.062116798546872125,
  "train_acc": 0.980209545983702,
  "val_loss": 0.1671189280789952,
  "val_acc": 0.9209302325581395,
  "ckpt": "artifacts\\cv\\cvtest_20250908_182400_5f\\fold_03\\best.pt"
}